source_index,sample_id,label,fold,sequence,length,cysteines,topology_risk
22,peptide_23,1,3,KKCLTKYSAGLQTSQTCPAGQKICFKKW,28,3,possible_disulfide
30,peptide_31,1,0,DGVCSNRRQCNKEVCGSSYDVAIVGA,26,3,possible_disulfide
38,peptide_39,1,0,DCCGVKLEMCHPCLCDNSCKNYGK,24,6,high_cysteine_topology_risk
53,peptide_54,1,0,LECNKLVDIAYITCPAGKNL,20,2,possible_disulfide
57,peptide_58,1,4,LFGFLIKLIPSLFGALSNIGRNRNQ,25,0,no_sequence_visible_topology_flag
68,peptide_69,1,3,RDCGKMCEEETWKG,14,2,possible_disulfide
85,peptide_86,1,2,TCLARDELCGASFLSNFLCCDGLCLLICV,29,6,high_cysteine_topology_risk
92,peptide_93,1,0,FKSLTKYSPGRQN,13,0,no_sequence_visible_topology_flag
109,peptide_110,1,2,ASGENQAELKLATHNVYML,19,0,no_sequence_visible_topology_flag
131,peptide_132,1,3,CQVVERGLDAKAKAAMLDAHNKARQKVANG,30,1,no_sequence_visible_topology_flag
137,peptide_138,1,4,LICFNDFSPTARTLEYCQIGITTYNPS,27,2,possible_disulfide
143,peptide_144,1,0,QKCCSGGSCPLYFRDRLICPCC,22,6,high_cysteine_topology_risk
150,peptide_151,1,3,DLWSWGQMIQETGLLPSYTTY,21,0,no_sequence_visible_topology_flag
161,peptide_162,1,0,AKTGILDSDGPTVAGNSLSGT,21,0,no_sequence_visible_topology_flag
189,peptide_190,1,0,FDDLMLLLCCRQGPVCFIPLNEWPCSRM,28,4,possible_disulfide
220,peptide_221,1,0,ADVPGNYPLDSYGNCYPCTILGDNQYCI,28,3,possible_disulfide
227,peptide_228,1,3,LNLTKWLGKLGVILSHLNK,19,0,no_sequence_visible_topology_flag
246,peptide_247,1,2,DVTFSLLGANTKSYAAFITNFRKDVASEKK,30,0,no_sequence_visible_topology_flag
263,peptide_264,1,1,ALKCQGWVDYCNGNVECCNECVMY,24,5,high_cysteine_topology_risk
289,peptide_290,1,1,FINTIKLLIEKYREWKNKQSS,21,0,no_sequence_visible_topology_flag
290,peptide_291,1,2,GIKDYLKKLLQKAINKIKSLRKKQDA,26,0,no_sequence_visible_topology_flag
306,peptide_307,1,2,GNYYGYCRVHLNTAY,15,1,no_sequence_visible_topology_flag
312,peptide_313,1,0,QNAHPSPKVPP,11,0,no_sequence_visible_topology_flag
326,peptide_327,1,2,YCQKFLWTCDTERKCCEDMVCELWCKYKE,29,6,high_cysteine_topology_risk
329,peptide_330,1,4,DDETTFPCNSGRCACLPEDSHSYTCQSP,28,4,possible_disulfide
350,peptide_351,1,4,VVGGAECKIDGHRCLALLY,19,2,possible_disulfide
374,peptide_375,1,0,GLIDVRCYDSSQCE,14,2,possible_disulfide
382,peptide_383,1,3,INWLKLGKKVSAIL,14,0,no_sequence_visible_topology_flag
393,peptide_394,1,3,GAYFDGFDVPCVPRRDDC,18,2,possible_disulfide
405,peptide_406,1,2,NSEDGSPYPGPGQQPNCCKWPIVTCCNR,28,4,possible_disulfide
421,peptide_422,1,1,RKRHPDCDKAADTRI,15,1,no_sequence_visible_topology_flag
430,peptide_431,1,0,GWKDWLKKGKEWLKAKGPGIVKAALQAATQ,30,0,no_sequence_visible_topology_flag
437,peptide_438,1,2,CCAFPQWCGAGCIVPCC,17,6,high_cysteine_topology_risk
438,peptide_439,1,3,ACKPKNNLCAITEMAECCSGFCLIYRCS,28,6,high_cysteine_topology_risk
450,peptide_451,1,3,IDCGTVMIPSECDPKSS,17,2,possible_disulfide
459,peptide_460,1,1,MNFGMLKLLTVLIICYSNNFMRTRGGNGK,29,1,no_sequence_visible_topology_flag
461,peptide_462,1,0,GSTCLEPKVVGPCKA,15,2,possible_disulfide
700,peptide_701,1,4,FLNPFRWMINKYREWKNKKN,20,0,no_sequence_visible_topology_flag
702,peptide_703,1,0,GCCPFPACTHHIICRCC,17,6,high_cysteine_topology_risk
706,peptide_707,1,1,VVGGDECNINDHRSLVRIF,19,1,no_sequence_visible_topology_flag
712,peptide_713,1,3,TMCYSHTTTSRAILTNCGENSCYRKSRVHP,30,3,possible_disulfide
714,peptide_715,1,4,GFGALFKFLAKKVAKTVAKQVAKKQME,27,0,no_sequence_visible_topology_flag
719,peptide_720,1,3,GRPPGFSPFRID,12,0,no_sequence_visible_topology_flag
720,peptide_721,1,2,SVAVAGAVIEGATLTFNVLQ,20,0,no_sequence_visible_topology_flag
722,peptide_723,1,2,CKGKGASCSRTMYNCCSGSCNRGKCG,26,6,high_cysteine_topology_risk
726,peptide_727,1,2,IIGAPCRRCYHSDGKGGCVRDWSCGQQ,27,4,possible_disulfide
734,peptide_735,1,0,VRDAYIAEDYDCVYHCARDA,20,2,possible_disulfide
739,peptide_740,1,4,GGVGRCIYNCMNSGGGLNFIQCKTMCY,27,4,possible_disulfide
758,peptide_759,1,2,VIGGAECNINEHRSLVLLYSSSFGE,25,1,no_sequence_visible_topology_flag
766,peptide_767,1,1,KKDGYLVNKYTGCKVNCYKLGENKFCNRE,29,3,possible_disulfide
767,peptide_768,1,3,ALAGTIIAGASLTFKILDEV,20,0,no_sequence_visible_topology_flag
773,peptide_774,1,3,ARPPGFSPFRIV,12,0,no_sequence_visible_topology_flag
782,peptide_783,1,4,NLQYLKNMIKCTNTRHWLSFTNYGCYCG,28,3,possible_disulfide
793,peptide_794,1,1,AFCCPSGWSAYDQNCY,16,3,possible_disulfide
800,peptide_801,1,1,SAALAGTIIDGASLGFDILNKV,22,0,no_sequence_visible_topology_flag
814,peptide_815,1,4,ALPSFSRADRYGRQ,14,0,no_sequence_visible_topology_flag
821,peptide_822,1,4,LKCYSSRTETMTCPEGKDKCEKYAV,25,3,possible_disulfide
823,peptide_824,1,0,DDCGGLFSGCDSNADCCEGYVCRLWCKYKL,30,6,high_cysteine_topology_risk
824,peptide_825,1,0,QTPGCCWHPACGKNRC,16,4,high_cysteine_topology_risk
833,peptide_834,1,3,NCPYCVVYCCPPAYCEASGCRPP,23,6,high_cysteine_topology_risk
834,peptide_835,1,3,VIGGDICNINEHNFLVALYE,20,1,no_sequence_visible_topology_flag
845,peptide_846,1,4,SPIIIDYLCVTET,13,1,no_sequence_visible_topology_flag
848,peptide_849,1,0,EKFPAVNQKPQAAL,14,0,no_sequence_visible_topology_flag
849,peptide_850,1,0,VIGGDECNINEHPFLVLVYY,20,1,no_sequence_visible_topology_flag
859,peptide_860,1,1,VIGGDECNINEHRFLVALYDGLSGTFLCGG,30,2,possible_disulfide
863,peptide_864,1,0,QARPRHPKIPP,11,0,no_sequence_visible_topology_flag
866,peptide_867,1,1,DCPSDWSNHEGHCYRVFNEWMNWAD,25,2,possible_disulfide
867,peptide_868,1,1,NIVDVPCRDDYYRDSDGNCVCCKFGGA,27,4,possible_disulfide
868,peptide_869,1,2,GRDAYIADSENCTYT,15,1,no_sequence_visible_topology_flag
877,peptide_878,1,4,DVDFNSESTRRKNKQKEIVDLHNSLKKTV,29,0,no_sequence_visible_topology_flag
881,peptide_882,1,1,DKNKKPIWMAGFPGFTPIR,19,0,no_sequence_visible_topology_flag
901,peptide_902,1,0,DTRPPGFTPFR,11,0,no_sequence_visible_topology_flag
907,peptide_908,1,1,QSPGCCWNPACVKNRC,16,4,high_cysteine_topology_risk
910,peptide_911,1,4,NVDFNSESTRRKKKQNEIVDLHNSLRRTVN,30,0,no_sequence_visible_topology_flag
914,peptide_915,1,1,CCGVPNAACHPCVCKNTC,18,6,high_cysteine_topology_risk
915,peptide_916,1,4,MICYSHKTPQPSATIGCEEKTCYKKSVRKL,30,3,possible_disulfide
932,peptide_933,1,4,GCCSRPPCIANNPDIC,16,4,high_cysteine_topology_risk
941,peptide_942,1,4,PAWLVDCPCVGDDISRLLTRGEK,23,2,possible_disulfide
962,peptide_963,1,1,DDNPGGTDGKFMNVLRRFGCPWDPWC,26,2,possible_disulfide
968,peptide_969,1,2,CLGFGEACLILYSDCCGYCVGAICL,25,6,high_cysteine_topology_risk
999,peptide_1000,1,1,QCLPPLSLCNMADDDCCNDCVLFLCSYY,28,6,high_cysteine_topology_risk
1046,peptide_1047,1,4,ADSRNPLEEEFRETNYEEF,19,0,no_sequence_visible_topology_flag
1051,peptide_1052,1,1,DCVAGGHFCGFPKIGGPCCSGWCFFVCA,28,6,high_cysteine_topology_risk
1090,peptide_1091,1,1,RRIDCKVFVFAPICRGVAA,19,2,possible_disulfide
1091,peptide_1092,1,2,GEEEYQKMLENLREAEVKKNDRKKINQS,28,0,no_sequence_visible_topology_flag
1166,peptide_1167,1,2,QNCCSIPSCWEKYKCS,16,4,high_cysteine_topology_risk
1167,peptide_1168,1,3,DCVKAGTACGFPKPEPACCSSWCIFVCT,28,6,high_cysteine_topology_risk
1172,peptide_1173,1,4,GCCSRPPCIANDPDLC,16,4,high_cysteine_topology_risk
1187,peptide_1188,1,3,KLSGCFGFKLDRIGTMSGLGC,21,2,possible_disulfide
1197,peptide_1198,1,1,KDGYLVGTDGCKYGCFTRPGHFCANEECL,29,4,possible_disulfide
1204,peptide_1205,1,3,GCSARNQRCPPQCCMGLVCGREYPPRCV,28,6,high_cysteine_topology_risk
1235,peptide_1236,1,0,RILEDIVSTALATCCKFQFLNFCCNEK,27,4,possible_disulfide
1260,peptide_1261,1,4,VCVDGGTFCGFPKIGGPCCSGWCIFVCL,28,6,high_cysteine_topology_risk
1304,peptide_1305,1,0,TFDTPKHRCGSEITNSYMDLCYR,23,2,possible_disulfide
1356,peptide_1357,1,4,GCMEDGDVCELGNHNCCSGSCLGFEDEGIC,30,6,high_cysteine_topology_risk
1362,peptide_1363,1,1,EKRQRLCCGFPKSCRSRQCKPHRCCGR,27,6,high_cysteine_topology_risk
1370,peptide_1371,1,3,GCLPDEYFCGFSMIGALLCCSGWCLGICMT,30,6,high_cysteine_topology_risk
1414,peptide_1415,1,1,MGYILPALSQQTCCVRPWCDGACDCCVDP,29,6,high_cysteine_topology_risk
1415,peptide_1416,1,0,APWTVVTATTNCCGITGPGCLPCRCTQTC,29,6,high_cysteine_topology_risk
1426,peptide_1427,1,4,CKSTGASCRRTSYDCCTGSCDRGRC,25,6,high_cysteine_topology_risk
1430,peptide_1431,1,2,TCRSSGRYCRSPYDCCRRYCRRITDACV,28,6,high_cysteine_topology_risk
1443,peptide_1444,1,2,LKCNKLVPLFYKTCPAGKNLCYKMFMVSNK,30,3,possible_disulfide
1453,peptide_1454,1,4,CCDWPCTIGCVPCCLP,16,6,high_cysteine_topology_risk
1475,peptide_1476,1,3,LPPCCSLNKKHCPAPACKYKPCCKS,25,6,high_cysteine_topology_risk
1513,peptide_1514,1,0,TAFGLRLCCKRHHGCHPCGRT,21,4,high_cysteine_topology_risk
1540,peptide_1541,1,0,STDCNGVPCQFGCCVTINGNDECRELDC,28,6,high_cysteine_topology_risk
1589,peptide_1590,1,4,ECCPQSPPCCHYYYYGSW,18,4,high_cysteine_topology_risk
1597,peptide_1598,1,2,TSRSSGRYCRSPYDRRRRYCRRITDASV,28,2,possible_disulfide
1600,peptide_1601,1,1,FINTIRLLINKYREWKNKKDS,21,0,no_sequence_visible_topology_flag
1602,peptide_1603,1,3,CRPRGMVCGFPKPGPYCCNGWCFFVCL,27,6,high_cysteine_topology_risk
1603,peptide_1604,1,0,GTYLYPFSYYRLWRYFTRFLHKQPYYYVHI,30,0,no_sequence_visible_topology_flag
1604,peptide_1605,1,2,GEEEVAKMAAELARENIAKGCKVNCYP,27,2,possible_disulfide
1613,peptide_1614,1,3,DCRGYDAPCSSGAPCCDWWTCSARTNRCF,29,6,high_cysteine_topology_risk
1615,peptide_1616,1,1,FLAKKVGKQLASHLAKKQLE,20,0,no_sequence_visible_topology_flag
1655,peptide_1656,1,4,ECREKGQGCTNTALCCPGLECEGQGSKELC,30,6,high_cysteine_topology_risk
1662,peptide_1663,1,1,MKLMLSALRQQTCCEPSTCDGGCYHCC,27,6,high_cysteine_topology_risk
1696,peptide_1697,1,2,QCCDWQWCDGACDCCA,16,6,high_cysteine_topology_risk
1707,peptide_1708,1,0,ECRGYNAPCSAGAPCCSWWTCSTQTSRCF,29,6,high_cysteine_topology_risk
1719,peptide_1720,1,3,NLYQFKNMIQCTTKRSVLEFMEYGCYC,27,3,possible_disulfide
1745,peptide_1746,1,3,SDCSGMSDGTSCGDTGVCQNGLCMGAGS,28,4,possible_disulfide
1762,peptide_1763,1,2,AADGKPSDWISLVTPECCSNPPCNLQNCR,29,4,possible_disulfide
1777,peptide_1778,1,2,GDEEYSKFIELARENIAKGCKVNCYP,26,2,possible_disulfide
1779,peptide_1780,1,2,SDSGTTLVRRRLCGSELVTYLGELCLGN,28,2,possible_disulfide
1782,peptide_1783,1,1,VCCPFGGCHEFCLCCD,16,6,high_cysteine_topology_risk
1850,peptide_1851,0,2,VTSWSLCTPGCTSPGGGSNCSFCC,24,5,high_cysteine_topology_risk
1863,peptide_1864,0,3,WWRELLKKLAFTAAGHLGSVLAAKQSGW,28,0,no_sequence_visible_topology_flag
1869,peptide_1870,0,1,NRTFKTNTKCHVKNQCNFLCQ,21,3,possible_disulfide
1873,peptide_1874,0,1,GIFGKILGAGKKVLCGLSGLC,21,2,possible_disulfide
1920,peptide_1921,0,2,RSVCRQIKICRRRGGCYYKCTNRPY,25,4,high_cysteine_topology_risk
1972,peptide_1973,0,3,TVLKTDAQCNCEAFKALSLP,20,2,possible_disulfide
1996,peptide_1997,0,4,VNPIILGVLPKFVCLITKKC,20,2,possible_disulfide
2103,peptide_2104,0,0,RVCYAIPLPICY,12,2,possible_disulfide
2142,peptide_2143,0,2,ADETCTDLTILTTQYIAGDFD,21,1,no_sequence_visible_topology_flag
2162,peptide_2163,0,0,FGLPMLSILPKALCILLKRKC,21,2,possible_disulfide
2184,peptide_2185,0,1,FLPLLLAGLPKLLCLFFKKC,20,2,possible_disulfide
2227,peptide_2228,0,4,AKIIGIDGLTTNSWVAVLESDKVHV,25,0,no_sequence_visible_topology_flag
2285,peptide_2286,0,2,FFPIIAGMAAKLIPSLFCKITKKC,24,2,possible_disulfide
2294,peptide_2295,0,0,DLQCAETCVHSPCIGPCYCKHGLICYRN,28,6,high_cysteine_topology_risk
2307,peptide_2308,0,2,MHLSTLPNVPWPNRSFTTKRPPLPNMSFSW,30,0,no_sequence_visible_topology_flag
2336,peptide_2337,0,2,MCDILLNVLNIVFIGIAIILVIIC,24,2,possible_disulfide
2440,peptide_2441,0,0,FLGGLIGPLMSLIPGLLK,18,0,no_sequence_visible_topology_flag
2456,peptide_2457,0,1,GSLCGDTCFVLGCNDSSCSCNYPICVKD,28,6,high_cysteine_topology_risk
2563,peptide_2564,0,0,ILQKAVLDCLKAAGSSLSKAAITAIYNKIT,30,1,no_sequence_visible_topology_flag
2579,peptide_2580,0,2,GVVDILKGAGKDLLAHLVGKISEKV,25,0,no_sequence_visible_topology_flag
2593,peptide_2594,0,3,FLIGMTQGLICLITRKC,17,2,possible_disulfide
2725,peptide_2726,0,2,SCSCQKHFSCCD,12,4,high_cysteine_topology_risk
2727,peptide_2728,0,1,VYINKLTPPCGTMYYACEAV,20,2,possible_disulfide
2739,peptide_2740,0,3,DADIAVWAPPVNAQN,15,0,no_sequence_visible_topology_flag
2782,peptide_2783,0,2,MLVLYRKRFSGFRFYFLSIFKYII,24,0,no_sequence_visible_topology_flag
2805,peptide_2806,0,1,FLSLALAALPKFLCLVFKKC,20,2,possible_disulfide
2837,peptide_2838,0,0,GCRQCGGGCNKHGKCINGKCKCY,23,6,high_cysteine_topology_risk
2868,peptide_2869,0,0,FVPLLVSKLVCVVTKKC,17,2,possible_disulfide
2890,peptide_2891,0,4,GLWETIKNFGKKFTLNILHKLKCKIGGGC,29,2,possible_disulfide
2908,peptide_2909,0,2,GILLDKLKNFAKGVAQSLLNKASCALSGQC,30,2,possible_disulfide
2912,peptide_2913,0,3,MCICKNGKPLPGFIGKICRKICMMQQTH,28,4,possible_disulfide
3024,peptide_3025,0,1,SMLSVLKNLGKVGLGLVACKINKQC,25,2,possible_disulfide
3048,peptide_3049,0,0,MITDFQVYIALMAALLASVLAIRLGATLYQ,30,0,no_sequence_visible_topology_flag
3060,peptide_3061,0,0,GAPICGESCFTGKCYTVQCSCSWPVCTRN,29,6,high_cysteine_topology_risk
3070,peptide_3071,0,0,IVGGQEATPHTWVHQVALFI,20,0,no_sequence_visible_topology_flag
3116,peptide_3117,0,0,GCPQTPRCTNYAEKGQCPPN,20,3,possible_disulfide
3160,peptide_3161,0,1,RDWERREFERRQNELRREQEQRREELL,27,0,no_sequence_visible_topology_flag
3202,peptide_3203,0,2,MKRISTTITTTITTTITITITTGNGAG,27,0,no_sequence_visible_topology_flag
3259,peptide_3260,0,0,CPRILMKCKLDTDCFPTCTCRPSGFCG,27,6,high_cysteine_topology_risk
3314,peptide_3315,0,1,RQLNPSSQELQSPQQSYLQQPYPQNPYL,28,0,no_sequence_visible_topology_flag
3329,peptide_3330,0,3,CLGVGSCNDFAGCGYAIVCFW,21,4,high_cysteine_topology_risk
3423,peptide_3424,0,0,MTLSLINRSTACIQAVEQKYCRVPLPENNR,30,2,possible_disulfide
3458,peptide_3459,0,1,GTHPCQETCVTSTRCSTQGCHCNWPICFKN,30,6,high_cysteine_topology_risk
3521,peptide_3522,0,1,QRMCPKILMKCKQDSDCLLDCVCLKEGFCG,30,6,high_cysteine_topology_risk
3594,peptide_3595,0,1,GSVIGCGETCLRGRCYTPGCTCDHGICKKN,30,6,high_cysteine_topology_risk
3601,peptide_3602,0,1,SCNCVCGFCCSCSP,14,6,high_cysteine_topology_risk
3623,peptide_3624,0,2,MCMLSWFISTSPLKEYCGGKRNLQRNNF,28,2,possible_disulfide
3637,peptide_3638,0,4,MADAEDIQPLVCDNGTG,17,1,no_sequence_visible_topology_flag
3648,peptide_3649,0,4,LRHKVYGYCVLGP,13,1,no_sequence_visible_topology_flag
3654,peptide_3655,0,4,SPCTCSTCNCAGACNSCSCTSCSH,24,8,high_cysteine_topology_risk
3686,peptide_3687,0,3,AVSCFKACMKKRGIPFVCSVDC,22,4,high_cysteine_topology_risk
3820,peptide_3821,0,0,MNNPVCLDDWLIGFKSLCCTLAVIALLII,29,3,possible_disulfide
3862,peptide_3863,0,3,AQAATPAADGKKKISIDTR,19,0,no_sequence_visible_topology_flag
3921,peptide_3922,0,1,LVPMFLSKLICFITKKC,17,2,possible_disulfide
3937,peptide_3938,0,1,MNLIIILVWHSMKHSKGYVLEAQDDELSR,29,0,no_sequence_visible_topology_flag
3950,peptide_3951,0,4,GLLSVLGSVAQHVLPHVVPVIAEHL,25,0,no_sequence_visible_topology_flag
3952,peptide_3953,0,0,GLLDGLLGTLGL,12,0,no_sequence_visible_topology_flag
3999,peptide_4000,0,1,GLLDVVKGAAKNLLASALDKLKCKVTGC,28,2,possible_disulfide
4049,peptide_4050,0,4,FFPIVAGVAGQVLKKIYCTISKKC,24,2,possible_disulfide
4066,peptide_4067,0,1,GLVSGLLNSVTGLLGNLAGGGL,22,0,no_sequence_visible_topology_flag
4086,peptide_4087,0,3,FFPAIFRLVAKVVPSIICSVTKKC,24,2,possible_disulfide
4095,peptide_4096,0,4,LFGNIIDKLREKIKKYCNKENLDKACSKL,29,2,possible_disulfide
4109,peptide_4110,0,3,YLKGCWTKSYPPKPCFSR,18,2,possible_disulfide
4111,peptide_4112,0,2,GLLDTIKGVAKTVAASMLDKLKCKISGC,28,2,possible_disulfide
4222,peptide_4223,0,0,GVPICGETCTLGTCYTAGCSCSWPVCTRN,29,6,high_cysteine_topology_risk
4253,peptide_4254,0,4,GLPVCGETCFGGTCNTPGCSCETWPVCSRN,30,6,high_cysteine_topology_risk
4273,peptide_4274,0,1,RMAGRNRTEFYKLLSRHELDANDFKE,26,0,no_sequence_visible_topology_flag
4289,peptide_4290,0,3,ARICPRILMKCKKDSDCLAECICEEHGFCG,30,6,high_cysteine_topology_risk
4310,peptide_4311,0,4,GSAIRCGESCLLGKCYTPGCTCDRPICKKN,30,6,high_cysteine_topology_risk
4318,peptide_4319,0,2,GLPVCGETCVGGTCNTPGCTCSWPVCTRD,29,6,high_cysteine_topology_risk
4327,peptide_4328,0,3,GIPCAESCVWIPCTVTALLGCSCSNKVCYN,30,6,high_cysteine_topology_risk
4363,peptide_4364,0,1,TVKCGGCNRKCCPGGCRSGKCINGKCQCY,29,8,high_cysteine_topology_risk
4366,peptide_4367,0,3,GKPICGETCFKGKCYTPGCTCSYPICKKD,29,6,high_cysteine_topology_risk
4397,peptide_4398,0,4,MNPNCARCGKIVYPTEKVNCLDKFWHKACF,30,4,possible_disulfide
4428,peptide_4429,0,3,SEIPQPSLDFEQFSNMIQCTIPPGEECLAY,30,2,possible_disulfide
4536,peptide_4537,0,4,FKSWSFCTPGCAKTGSFNSYCC,22,4,high_cysteine_topology_risk
4657,peptide_4658,0,3,RICPRILMECSSDSDCLAECICLEQDGFCG,30,6,high_cysteine_topology_risk
4701,peptide_4702,0,0,GICPRILMECKRDSDCLAQCVCKRQGYCG,29,6,high_cysteine_topology_risk
4717,peptide_4718,0,1,GVACGESCVYLPCFTVGCTCTSSQCFKN,28,6,high_cysteine_topology_risk
4799,peptide_4800,0,2,GLPVCGESCFGGSCYTPGCSCTWPICTRD,29,6,high_cysteine_topology_risk
4903,peptide_4904,0,0,GFPCGESCVYIPCFTAAIGCSCKSKVCYKN,30,6,high_cysteine_topology_risk
4936,peptide_4937,0,4,GLPICGETCVGGTCNTPGCSCSWPVCTRN,29,6,high_cysteine_topology_risk
4940,peptide_4941,0,3,GLPVCGETCFTGTCYTNGCTCDPWPVCTRN,30,6,high_cysteine_topology_risk
4964,peptide_4965,0,2,SCLEYGHSCWGAH,13,2,possible_disulfide
4965,peptide_4966,0,2,GDDVKSACCDTCLCTKSNPPTCRCVDVGET,30,6,high_cysteine_topology_risk
4975,peptide_4976,0,3,GLPTCGETCFKGKCYTPGCSCSYPICKKD,29,6,high_cysteine_topology_risk
4978,peptide_4979,0,2,GDACGETCFTGICFTAGCSCNPWPTCTRN,29,6,high_cysteine_topology_risk
4987,peptide_4988,0,2,GDLPICGETCFGGTCNTPGCVCAWPVCNR,29,6,high_cysteine_topology_risk
4991,peptide_4992,0,4,LGPQLNKGCATCSIGAACLVDGPIPDEIAG,30,3,possible_disulfide
4996,peptide_4997,0,1,KIPCGESCVYIPCISSVLGCSCSNKVCYKD,30,6,high_cysteine_topology_risk
5000,peptide_5001,0,2,YIINVPPRCPPGSKFVKNKCRVIVP,25,2,possible_disulfide
5005,peptide_5006,0,1,CAPECRSFCPDQKCLKDCGCI,21,6,high_cysteine_topology_risk
5007,peptide_5008,0,3,GLKEIFKAGLGSLVKGIAAHVAS,23,0,no_sequence_visible_topology_flag
5021,peptide_5022,0,4,GSNTECFWKYCV,12,2,possible_disulfide
5043,peptide_5044,0,4,GAIKDALKGAAKTVAVELLKKAQCKLEKTC,30,2,possible_disulfide
5090,peptide_5091,0,1,NLIQLSNMIKCAIPGSRPLFQYTDYGCY,28,2,possible_disulfide
5122,peptide_5123,0,0,SPAPPACDPRLLNKLLRDDHVLHGRL,26,1,no_sequence_visible_topology_flag
5140,peptide_5141,0,0,SIPCGESCVWIPCTITALAGCKCKSKVCYN,30,6,high_cysteine_topology_risk
5184,peptide_5185,0,0,RVCFAIPLPICH,12,2,possible_disulfide
5205,peptide_5206,0,0,DLVFYCPKCTAERQTACPKL,20,3,possible_disulfide
5232,peptide_5233,0,4,GLPVCGETCFGGTCNTPGCACDPWPVCTRD,30,6,high_cysteine_topology_risk
5517,peptide_5518,0,3,ASGPCFPNPCQNDGECHVIDDSHR,24,3,possible_disulfide
5519,peptide_5520,0,4,GIPCAESCVYIPCITAALGCSCKNKVCYRN,30,6,high_cysteine_topology_risk
5594,peptide_5595,0,1,INWKKIKSLIKAAMS,15,0,no_sequence_visible_topology_flag
5612,peptide_5613,0,2,IKITTMLAKLGKVLAHV,17,0,no_sequence_visible_topology_flag
5636,peptide_5637,0,3,ADGSDPAGGEFLEAGGGVR,19,0,no_sequence_visible_topology_flag
5648,peptide_5649,0,0,SNTKQPTPLGGVIFA,15,0,no_sequence_visible_topology_flag
5663,peptide_5664,0,0,SKTPIRVAVTGAAGNIGYHLLFRIA,25,0,no_sequence_visible_topology_flag
5693,peptide_5694,0,1,GIGAAILSAGKSIIKGLANGLAEHF,25,0,no_sequence_visible_topology_flag
5699,peptide_5700,0,0,QKLCERPSGTWSGVCGNNNACKNQCIN,27,4,possible_disulfide
5701,peptide_5702,0,2,ENFAGGCTPGYQRTADGRCKATF,23,2,possible_disulfide
5711,peptide_5712,0,3,FLPVLAGIAAKVVPALFCKITKKC,24,2,possible_disulfide
5844,peptide_5845,0,2,GLFDIVKKIAGHIVSSI,17,0,no_sequence_visible_topology_flag
5921,peptide_5922,0,4,SPATMGFAGVR,11,0,no_sequence_visible_topology_flag
5929,peptide_5930,0,1,MGNISPLTGTNGEIR,15,0,no_sequence_visible_topology_flag
5945,peptide_5946,0,4,CPAIQRCCQQLRNIQPPCRCCQ,22,6,high_cysteine_topology_risk
6157,peptide_6158,0,0,EASGETFVAENDACKCGSDCKCNPCTCK,28,6,high_cysteine_topology_risk
6266,peptide_6267,0,4,VSTLLPVVAAEEPA,14,0,no_sequence_visible_topology_flag
6277,peptide_6278,0,4,AGVDPAIPAYVKTNG,15,0,no_sequence_visible_topology_flag
6289,peptide_6290,0,2,APQEPNQFQLLKYH,14,0,no_sequence_visible_topology_flag
6344,peptide_6345,0,0,TFVSSQVSGPR,11,0,no_sequence_visible_topology_flag
6346,peptide_6347,0,4,NSTMNSLLQLGR,12,0,no_sequence_visible_topology_flag
6350,peptide_6351,0,3,GSFVNPTTPIR,11,0,no_sequence_visible_topology_flag
6360,peptide_6361,0,1,ELVSNASDALDKLR,14,0,no_sequence_visible_topology_flag
6374,peptide_6375,0,3,GFIGDIWSGIQG,12,0,no_sequence_visible_topology_flag
6376,peptide_6377,0,3,APSSMGFMGMR,11,0,no_sequence_visible_topology_flag
